ADNPolitico,A favor
aguilarcamin,A favor
anafvega,A favor
AntonioAttolini,A favor
AristeguiOnline,A favor
brozoxmiswebs,A favor
carlosloret,A favor
ChumelTorres,A favor
CiroGomezL,A favor
CNNEE,A favor
DeniseDresserG,A favor
DeniseMaerker,A favor
El_Universal_Mx,A favor
eleconomista,A favor
ElFinanciero_Mx,A favor
elheraldo_mx,A favor
elpais_america,A favor
EnriqueKrauze,A favor
epigmenioibarra,En contra
gibranrr,A favor
IfigeniaMtz,A favor
Javier_Alatorre,A favor
JLMNoticias,A favor
JLozanoA,A favor
jorgeramosnews,A favor
lajornadaonline,A favor
LeonardoCurzio,A favor
LeonKrauze,A favor
leozuckermann,A favor
lopezdoriga,A favor
mario_delgado,A favor
MBarbosaMX,A favor
MexicoComoVamos,A favor
Milenio,A favor
molotovmx,A favor
PedroFerriz,A favor
PMunozLedo,A favor
politicomx,A favor
PRI_Nacional,A favor
reforma,A favor
reformanacional,A favor
revistaproceso,A favor
RicardoAnayaC,A favor
rivapa,A favor
sabinaberman,A favor
samuel_garcias,A favor
V_TrujilloM,A favor
VicenteFoxQue,A favor
VRubioMarquez,A favor
